{
    "projection_type": "perspective",
    "camera_to_world": [
        [
            [
                -0.19006063044071198,
                -0.14684611558914185,
                0.9707282185554504,
                -0.5817764401435852
            ],
            [
                -0.9805353879928589,
                0.07801040261983871,
                -0.18017977476119995,
                -0.028805220499634743
            ],
            [
                -0.0492682047188282,
                -0.9860785007476807,
                -0.15881425142288208,
                0.07312675565481186
            ],
            [
                0.0,
                0.0,
                0.0,
                1.0
            ]
        ],
        [
            [
                0.622734546661377,
                0.08089753985404968,
                -0.778239905834198,
                0.35689306259155273
            ],
            [
                0.7801145315170288,
                0.012322522699832916,
                0.625515341758728,
                -0.3457968533039093
            ],
            [
                0.060192570090293884,
                -0.9966462850570679,
                -0.05543586611747742,
                0.016589447855949402
            ],
            [
                0.0,
                0.0,
                0.0,
                1.0
            ]
        ]
    ],
    "camera_to_pixel": [
        [
            [
                572.8526000976562,
                0.0,
                720.0
            ],
            [
                0.0,
                574.5930786132812,
                540.0
            ],
            [
                0.0,
                0.0,
                1.0
            ]
        ],
        [
            [
                572.8526000976562,
                0.0,
                720.0
            ],
            [
                0.0,
                574.5930786132812,
                540.0
            ],
            [
                0.0,
                0.0,
                1.0
            ]
        ]
    ],
    "image_size_xy": [
        [
            1440.0,
            1080.0
        ],
        [
            1440.0,
            1080.0
        ]
    ],
    "radial_distortion": [
        [
            -0.0026480548549443483,
            0.0005094349617138505,
            0.0,
            0.0
        ],
        [
            -0.0026480548549443483,
            0.0005094349617138505,
            0.0,
            0.0
        ]
    ],
    "tangential_distortion": [
        [
            0.0016666827723383904,
            0.0006685138796456158
        ],
        [
            0.0016666827723383904,
            0.0006685138796456158
        ]
    ]
}